{
    "sportifs" : [
     {
     "id": 1,
     "name": "Usain Bolt",
     "sportId": 1,
     "goldMedalist": true
     },
     {
     "id": 2,
     "name": "Michael Phelps",
     "sportId": 2,
     "goldMedalist": true
     },
     {
     "id": 3,
     "name": "Simone Biles",
     "sportId": 3,
     "goldMedalist": true
     },
     {
     "id": 4,
     "name": "Roger Federer",
     "sportId": 4,
     "goldMedalist": false
     },
     {
     "id": 5,
     "name": "Serena Williams",
     "sportId": 4,
     "goldMedalist": true
     },
     {
     "id": 6,
     "name": "Lionel Messi",
     "sportId": 5,
     "goldMedalist": true
     },
     {
     "id": 7,
     "name": "LeBron James",
     "sportId": 6,
     "goldMedalist": true
     },
     {
     "id": 8,
     "name": "Cristiano Ronaldo",
     "sportId": 5,
     "goldMedalist": false
     },
     {
     "id": 9,
     "name": "Novak Djokovic",
     "sportId": 4,
     "goldMedalist": false
     },
     {
     "id": 10,
     "name": "Katie Ledecky",
     "sportId": 2,
    "goldMedalist": true
    }
    ],
    "sports" : [
    {
    "id": 1,
    "name": "Athletics"
    },
    {
    "id": 2,
    "name": "Swimming"
    },
    {
    "id": 3,
    "name": "Gymnastics"
    },
    {
    "id": 4,
    "name": "Tennis"
    },
    {
    "id": 5,
    "name": "Football"
    },
    {
    "id": 6,
    "name": "Basketball"
    }
    ]
}