{
  "users": [
    {
      "id": "0",
      "username": "test@mail.com",
      "password": "azerty"
    }
  ],
  "images": [
    {
      "id": "0",
      "author": "0",
      "url": "https://picsum.photos/id/0/5616/3744",
      "description": "Sample from Unsplash"
    },
    {
      "id": "1",
      "author": "0",
      "url": "https://picsum.photos/id/1/5616/3744",
      "description": "Sample from Unsplash"
    },
    {
      "id": "10",
      "author": "0",
      "url": "https://picsum.photos/id/10/2500/1667",
      "description": "Sample from Unsplash"
    },
    {
      "id": "100",
      "author": "0",
      "url": "https://picsum.photos/id/100/2500/1656",
      "description": "Sample from Unsplash"
    },
    {
      "id": "1000",
      "author": "0",
      "url": "https://picsum.photos/id/1000/5626/3635",
      "description": "Sample from Unsplash"
    },
    {
      "id": "1001",
      "author": "0",
      "url": "https://picsum.photos/id/1001/5616/3744",
      "description": "Sample from Unsplash"
    },
    {
      "id": "1002",
      "author": "0",
      "url": "https://picsum.photos/id/1002/4312/2868",
      "description": "Sample from Unsplash"
    },
    {
      "id": "1003",
      "author": "0",
      "url": "https://picsum.photos/id/1003/1181/1772",
      "description": "Sample from Unsplash"
    },
    {
      "id": "1004",
      "author": "0",
      "url": "https://picsum.photos/id/1004/5616/3744",
      "description": "Sample from Unsplash"
    },
    {
      "id": "1005",
      "author": "0",
      "url": "https://picsum.photos/id/1005/5760/3840",
      "description": "Sample from Unsplash"
    },
    {
      "id": "1006",
      "author": "0",
      "url": "https://picsum.photos/id/1006/3000/2000",
      "description": "Sample from Unsplash"
    },
    {
      "id": "1008",
      "author": "0",
      "url": "https://picsum.photos/id/1008/5616/3744",
      "description": "Sample from Unsplash"
    },
    {
      "id": "1009",
      "author": "0",
      "url": "https://picsum.photos/id/1009/5000/7502",
      "description": "Sample from Unsplash"
    },
    {
      "id": "101",
      "author": "0",
      "url": "https://picsum.photos/id/101/2621/1747",
      "description": "Sample from Unsplash"
    },
    {
      "id": "1010",
      "author": "0",
      "url": "https://picsum.photos/id/1010/5184/3456",
      "description": "Sample from Unsplash"
    },
    {
      "id": "1011",
      "author": "0",
      "url": "https://picsum.photos/id/1011/5472/3648",
      "description": "Sample from Unsplash"
    },
    {
      "id": "1012",
      "author": "0",
      "url": "https://picsum.photos/id/1012/3973/2639",
      "description": "Sample from Unsplash"
    },
    {
      "id": "1013",
      "author": "0",
      "url": "https://picsum.photos/id/1013/4256/2832",
      "description": "Sample from Unsplash"
    },
    {
      "id": "1014",
      "author": "0",
      "url": "https://picsum.photos/id/1014/6016/4000",
      "description": "Sample from Unsplash"
    },
    {
      "id": "1015",
      "author": "0",
      "url": "https://picsum.photos/id/1015/6000/4000",
      "description": "Sample from Unsplash"
    },
    {
      "id": "1016",
      "author": "0",
      "url": "https://picsum.photos/id/1016/3844/2563",
      "description": "Sample from Unsplash"
    },
    {
      "id": "1018",
      "author": "0",
      "url": "https://picsum.photos/id/1018/3914/2935",
      "description": "Sample from Unsplash"
    },
    {
      "id": "1019",
      "author": "0",
      "url": "https://picsum.photos/id/1019/5472/3648",
      "description": "Sample from Unsplash"
    },
    {
      "id": "102",
      "author": "0",
      "url": "https://picsum.photos/id/102/4320/3240",
      "description": "Sample from Unsplash"
    },
    {
      "id": "1020",
      "author": "0",
      "url": "https://picsum.photos/id/1020/4288/2848",
      "description": "Sample from Unsplash"
    },
    {
      "id": "1021",
      "author": "0",
      "url": "https://picsum.photos/id/1021/2048/1206",
      "description": "Sample from Unsplash"
    },
    {
      "id": "1022",
      "author": "0",
      "url": "https://picsum.photos/id/1022/6000/3376",
      "description": "Sample from Unsplash"
    },
    {
      "id": "1023",
      "author": "0",
      "url": "https://picsum.photos/id/1023/3955/2094",
      "description": "Sample from Unsplash"
    },
    {
      "id": "1024",
      "author": "0",
      "url": "https://picsum.photos/id/1024/1920/1280",
      "description": "Sample from Unsplash"
    },
    {
      "id": "1025",
      "author": "0",
      "url": "https://picsum.photos/id/1025/4951/3301",
      "description": "Sample from Unsplash"
    }
  ]
}